id;r1;r2;r3;r4;r5;r6;date
1;1;2;5;20;27;33;27/01/2001
2;1;2;11;15;32;34;03/02/2001
3;11;13;27;30;32;39;10/02/2001
4;15;20;21;29;32;44;17/02/2001
5;3;6;16;22;38;44;24/02/2001
6;17;21;26;31;39;40;03/03/2001
7;1;12;22;29;31;33;10/03/2001
8;5;14;18;38;40;45;17/03/2001
9;4;19;25;28;39;41;24/03/2001
10;1;6;13;18;25;41;31/03/2001
11;1;3;15;18;27;37;07/04/2001
12;3;6;13;24;29;31;14/04/2001
13;4;14;15;17;21;25;21/04/2001
14;1;10;19;33;36;40;28/04/2001
15;5;10;21;26;34;40;05/05/2001
16;4;6;15;20;32;43;12/05/2001
17;1;18;19;21;39;43;19/05/2001
18;17;24;30;38;43;44;26/05/2001
19;8;15;23;29;30;37;02/06/2001
20;6;7;12;13;16;25;09/06/2001
21;3;10;11;14;36;41;16/06/2001
22;2;5;15;21;31;41;23/06/2001
23;9;28;33;34;38;45;30/06/2001
24;12;20;23;32;37;40;07/07/2001
25;9;11;21;34;39;42;11/07/2001
26;8;24;33;36;38;44;14/07/2001
27;14;18;21;22;28;34;18/07/2001
28;9;18;21;28;41;43;21/07/2001
29;5;10;18;24;30;44;25/07/2001
30;11;12;21;36;40;41;28/07/2001
31;13;19;21;24;40;43;01/08/2001
32;11;15;26;32;35;36;04/08/2001
33;10;11;21;30;44;45;08/08/2001
34;13;16;21;25;29;43;11/08/2001
35;3;12;14;37;40;44;15/08/2001
36;1;16;19;25;38;44;18/08/2001
37;2;4;9;16;17;23;22/08/2001
38;4;5;8;13;15;36;25/08/2001
39;3;4;9;10;12;42;29/08/2001
40;13;23;25;27;38;40;01/09/2001
41;24;27;36;37;41;43;05/09/2001
42;14;18;22;28;32;35;08/09/2001
43;18;28;30;32;34;37;12/09/2001
44;1;6;7;12;27;34;15/09/2001
45;4;15;25;29;30;44;19/09/2001
46;2;14;21;28;33;37;22/09/2001
47;1;7;11;12;24;39;26/09/2001
48;4;9;13;28;32;43;29/09/2001
49;1;6;11;13;19;36;03/10/2001
50;8;15;16;22;34;38;06/10/2001
51;14;17;28;37;41;43;10/10/2001
52;15;24;25;33;37;43;13/10/2001
53;2;12;14;18;31;45;17/10/2001
54;13;15;22;28;30;38;20/10/2001
55;13;17;27;31;39;42;24/10/2001
56;2;18;22;33;35;45;27/10/2001
57;5;7;10;15;16;22;31/10/2001
58;3;15;20;28;30;40;03/11/2001
59;2;8;24;26;36;45;07/11/2001
60;11;13;16;34;37;40;10/11/2001
61;7;9;22;25;32;37;14/11/2001
62;19;21;23;24;31;44;17/11/2001
63;6;18;25;29;31;42;21/11/2001
64;19;20;22;32;41;45;24/11/2001
65;16;17;19;29;31;33;28/11/2001
66;17;22;24;28;34;37;01/12/2001
67;17;19;20;21;34;35;05/12/2001
68;2;9;27;33;36;41;08/12/2001
69;5;7;17;29;31;32;12/12/2001
70;3;13;27;33;42;43;15/12/2001
71;11;13;16;33;39;40;19/12/2001
72;1;9;14;15;25;43;22/12/2001
73;6;12;30;33;38;43;26/12/2001
74;8;10;12;24;28;31;29/12/2001
75;12;14;30;32;38;41;02/01/2002
76;19;20;21;22;23;33;05/01/2002
77;2;9;19;27;33;45;09/01/2002
78;1;21;29;30;36;42;12/01/2002
79;6;7;17;33;39;44;16/01/2002
80;9;10;31;38;42;44;19/01/2002
81;2;7;17;32;41;44;23/01/2002
82;2;4;16;28;33;34;26/01/2002
83;10;16;20;26;35;37;30/01/2002
84;1;10;21;23;33;38;02/02/2002
85;6;11;23;24;36;42;06/02/2002
86;6;7;9;15;19;33;09/02/2002
87;1;5;7;10;16;32;13/02/2002
88;18;23;24;34;37;42;16/02/2002
89;3;6;26;33;34;44;20/02/2002
90;16;21;27;35;39;42;23/02/2002
91;4;5;28;39;42;44;27/02/2002
92;6;11;18;28;29;42;02/03/2002
93;9;14;18;30;32;37;06/03/2002
94;8;16;25;26;27;39;09/03/2002
95;5;7;23;29;30;40;13/03/2002
96;1;3;24;28;32;43;16/03/2002
97;1;4;18;27;34;42;20/03/2002
98;3;19;24;29;41;45;23/03/2002
99;6;12;26;30;35;37;27/03/2002
100;9;22;30;33;38;41;30/03/2002
101;14;16;17;26;28;41;03/04/2002
102;9;10;24;26;33;40;06/04/2002
103;14;28;30;31;37;39;10/04/2002
104;1;16;18;36;39;40;13/04/2002
105;12;15;24;30;39;42;17/04/2002
106;1;4;27;30;36;42;20/04/2002
107;16;19;20;23;24;28;24/04/2002
108;6;13;18;21;30;36;27/04/2002
109;6;12;36;42;43;44;04/05/2002
110;3;12;16;26;30;41;08/05/2002
111;8;15;19;25;30;36;11/05/2002
112;1;18;23;27;30;34;15/05/2002
113;5;6;12;27;40;41;18/05/2002
114;3;11;26;40;42;45;22/05/2002
115;8;12;25;33;36;38;25/05/2002
116;1;2;12;15;25;36;29/05/2002
117;5;6;13;16;37;39;01/06/2002
118;5;6;25;27;35;38;05/06/2002
119;2;3;15;20;32;37;08/06/2002
120;8;11;13;29;42;45;12/06/2002
121;1;8;10;22;35;44;15/06/2002
122;2;20;24;28;31;38;19/06/2002
123;6;17;30;31;35;38;22/06/2002
124;8;25;31;35;39;44;26/06/2002
125;13;21;22;28;29;45;29/06/2002
126;3;26;35;40;43;45;03/07/2002
127;1;11;16;20;40;41;06/07/2002
128;1;27;36;38;41;43;10/07/2002
129;1;3;6;7;24;41;13/07/2002
130;4;8;13;27;41;43;17/07/2002
131;2;18;26;27;36;44;20/07/2002
132;7;12;15;26;28;35;24/07/2002
133;4;9;20;22;37;44;27/07/2002
134;5;8;13;18;19;24;31/07/2002
135;2;4;9;12;42;44;03/08/2002
136;8;14;21;28;30;43;07/08/2002
137;1;3;12;19;27;42;10/08/2002
138;5;9;10;14;18;31;14/08/2002
139;9;10;22;23;28;32;17/08/2002
140;12;15;16;19;42;44;21/08/2002
141;15;18;19;38;40;42;24/08/2002
142;15;16;26;33;38;44;28/08/2002
143;3;9;12;34;35;45;31/08/2002
144;8;13;21;34;41;42;04/09/2002
145;5;9;10;18;29;45;07/09/2002
146;1;6;23;30;33;38;11/09/2002
147;8;17;19;25;39;42;14/09/2002
148;6;18;19;23;32;33;18/09/2002
149;4;11;19;26;27;35;21/09/2002
150;10;20;21;23;28;35;25/09/2002
151;16;18;22;40;41;43;28/09/2002
152;3;5;9;15;31;37;02/10/2002
153;6;30;37;38;42;44;05/10/2002
154;16;20;26;35;41;42;09/10/2002
155;8;11;23;30;40;45;12/10/2002
156;5;15;18;34;35;36;16/10/2002
157;3;4;10;11;17;30;19/10/2002
158;6;14;16;18;20;26;23/10/2002
159;1;7;11;15;17;24;26/10/2002
160;2;24;27;32;39;44;30/10/2002
161;17;21;27;28;43;44;02/11/2002
162;2;4;14;32;35;38;06/11/2002
163;4;5;19;24;31;35;09/11/2002
164;3;13;32;39;40;41;13/11/2002
165;3;5;11;15;23;27;16/11/2002
166;1;9;10;28;32;37;20/11/2002
167;11;13;17;33;37;42;23/11/2002
168;11;16;26;30;35;44;27/11/2002
169;10;16;35;37;41;43;30/11/2002
170;2;4;11;22;29;33;04/12/2002
171;15;22;29;42;44;45;07/12/2002
172;26;28;30;31;32;42;11/12/2002
173;2;9;16;25;32;35;14/12/2002
174;12;15;21;27;38;45;18/12/2002
175;3;15;19;24;25;38;21/12/2002
176;6;12;13;25;31;44;25/12/2002
177;4;7;23;39;40;45;28/12/2002
178;3;5;11;14;24;27;01/01/2003
179;8;11;14;28;41;43;04/01/2003
180;5;13;20;30;33;39;08/01/2003
181;3;5;7;9;16;29;11/01/2003
182;5;13;17;23;24;25;15/01/2003
183;4;7;26;36;37;43;18/01/2003
184;4;10;14;21;33;43;22/01/2003
185;7;18;21;30;31;39;25/01/2003
186;11;17;23;24;25;38;29/01/2003
187;10;11;16;25;31;40;01/02/2003
188;5;20;21;25;30;42;05/02/2003
189;2;4;8;23;27;32;08/02/2003
190;3;10;20;33;35;36;12/02/2003
191;19;21;32;33;42;44;15/02/2003
192;1;3;11;14;28;34;19/02/2003
193;13;18;23;31;36;42;22/02/2003
194;3;4;19;21;26;29;26/02/2003
195;1;5;16;19;25;42;01/03/2003
196;3;4;6;7;26;29;05/03/2003
197;3;5;28;40;44;45;08/03/2003
198;5;7;12;17;19;21;12/03/2003
199;3;5;10;31;40;41;15/03/2003
200;5;17;20;22;36;38;19/03/2003
201;3;10;17;31;38;39;22/03/2003
202;17;23;24;26;41;43;26/03/2003
203;1;2;18;23;34;38;29/03/2003
204;16;28;33;35;41;42;02/04/2003
205;4;20;25;26;28;40;05/04/2003
206;15;16;29;31;34;41;09/04/2003
207;7;12;17;33;39;40;12/04/2003
208;5;7;16;30;33;40;16/04/2003
209;13;22;32;33;39;45;19/04/2003
210;10;15;19;34;36;43;23/04/2003
211;2;22;25;26;32;37;26/04/2003
212;3;10;13;15;31;42;30/04/2003
213;8;13;20;21;24;26;03/05/2003
214;14;22;23;35;41;44;07/05/2003
215;27;28;33;39;42;43;10/05/2003
216;9;19;25;28;34;45;14/05/2003
217;7;9;14;19;30;32;17/05/2003
218;14;15;19;20;38;44;21/05/2003
219;1;9;11;19;25;45;24/05/2003
220;3;8;15;16;19;20;28/05/2003
221;1;20;24;27;32;40;31/05/2003
222;1;2;6;15;32;40;04/06/2003
223;4;14;25;32;34;36;07/06/2003
224;1;4;11;13;19;25;11/06/2003
225;1;11;26;34;39;41;14/06/2003
226;7;19;24;35;39;45;18/06/2003
227;28;30;33;34;35;44;21/06/2003
228;20;23;33;37;40;42;25/06/2003
229;3;11;17;26;28;38;28/06/2003
230;4;14;20;27;30;33;02/07/2003
231;12;17;22;26;27;36;05/07/2003
232;1;2;23;28;32;40;09/07/2003
233;9;24;27;28;32;39;12/07/2003
234;2;3;5;15;26;43;16/07/2003
235;10;19;24;27;28;36;19/07/2003
236;14;23;26;30;36;41;23/07/2003
237;3;22;23;31;36;37;26/07/2003
238;9;22;26;35;40;43;30/07/2003
239;2;5;7;12;28;30;02/08/2003
240;1;3;7;12;40;45;06/08/2003
241;3;9;16;17;37;44;09/08/2003
242;5;16;22;26;27;44;13/08/2003
243;7;18;23;30;31;37;16/08/2003
244;8;11;15;16;42;43;20/08/2003
245;4;6;26;36;37;38;23/08/2003
246;2;11;16;18;20;42;27/08/2003
247;7;8;9;14;32;42;30/08/2003
248;14;15;16;19;23;29;03/09/2003
249;2;3;24;32;42;44;06/09/2003
250;6;9;10;21;28;31;10/09/2003
251;6;18;22;27;37;40;13/09/2003
252;19;20;26;41;42;44;17/09/2003
253;8;14;18;22;28;40;20/09/2003
254;10;21;24;26;30;44;24/09/2003
255;2;7;9;17;28;41;27/09/2003
256;3;4;6;14;15;25;01/10/2003
257;21;23;27;33;40;45;04/10/2003
258;7;20;33;36;39;42;08/10/2003
259;6;12;21;32;36;43;11/10/2003
260;3;4;11;27;35;38;15/10/2003
261;2;10;12;18;29;42;18/10/2003
262;11;27;32;39;42;45;22/10/2003
263;3;10;12;21;23;28;25/10/2003
264;3;21;28;30;32;38;29/10/2003
265;10;21;22;24;25;44;01/11/2003
266;15;19;31;32;39;43;05/11/2003
267;1;11;14;16;17;18;08/11/2003
268;1;7;8;19;29;34;12/11/2003
269;3;4;17;20;23;30;15/11/2003
270;4;12;13;25;38;42;19/11/2003
271;5;7;12;14;35;43;22/11/2003
272;10;24;29;40;42;44;26/11/2003
273;2;25;30;33;43;45;29/11/2003
274;2;5;10;31;35;41;03/12/2003
275;5;7;11;26;31;32;06/12/2003
276;2;5;6;16;21;33;10/12/2003
277;2;13;16;20;22;43;13/12/2003
278;27;33;34;40;41;43;17/12/2003
279;5;7;16;20;29;42;20/12/2003
280;17;20;23;24;28;37;24/12/2003
281;4;10;21;24;27;32;27/12/2003
282;2;16;20;21;26;29;31/12/2003
283;21;22;27;31;41;42;03/01/2004
284;7;9;15;26;37;41;07/01/2004
285;3;4;13;30;31;36;10/01/2004
286;2;5;13;16;31;34;14/01/2004
287;13;19;28;34;36;45;17/01/2004
288;1;6;14;15;18;44;21/01/2004
289;11;12;25;31;36;37;24/01/2004
290;17;21;23;25;28;36;28/01/2004
291;6;8;29;35;43;45;31/01/2004
292;2;13;16;22;39;41;04/02/2004
293;6;8;17;32;34;42;07/02/2004
294;3;19;20;24;37;45;11/02/2004
295;16;21;22;27;38;43;14/02/2004
296;5;9;14;17;21;41;18/02/2004
297;3;6;7;13;21;28;21/02/2004
298;1;3;20;32;37;45;25/02/2004
299;14;18;19;30;35;41;28/02/2004
300;12;25;28;33;35;43;03/03/2004
301;1;4;7;24;36;43;06/03/2004
302;9;15;18;19;22;43;10/03/2004
303;3;6;20;22;33;36;13/03/2004
304;2;7;15;26;33;36;17/03/2004
305;6;7;30;37;41;43;20/03/2004
306;6;31;32;36;42;45;24/03/2004
307;9;18;21;29;37;41;27/03/2004
308;5;25;37;40;42;43;31/03/2004
309;14;18;22;31;37;44;03/04/2004
310;10;12;26;30;31;38;07/04/2004
311;14;18;20;21;37;43;10/04/2004
312;1;2;13;21;29;34;14/04/2004
313;5;8;9;24;35;44;17/04/2004
314;11;15;22;26;28;43;21/04/2004
315;6;22;24;33;40;44;24/04/2004
316;10;15;23;24;38;40;28/04/2004
317;10;25;30;36;40;45;01/05/2004
318;2;8;15;27;35;44;05/05/2004
319;10;16;21;31;42;43;08/05/2004
320;2;6;12;25;35;37;12/05/2004
321;6;9;19;34;35;38;15/05/2004
322;9;15;34;35;37;42;19/05/2004
323;4;9;24;27;29;31;22/05/2004
324;4;18;21;32;36;39;26/05/2004
325;4;10;14;24;26;38;29/05/2004
326;5;12;14;24;36;44;02/06/2004
327;1;2;7;13;35;44;05/06/2004
328;3;5;7;18;31;40;09/06/2004
329;11;14;15;16;20;31;12/06/2004
330;17;21;31;33;36;40;16/06/2004
331;16;23;24;28;32;44;19/06/2004
332;6;8;15;19;36;37;23/06/2004
333;8;12;31;33;40;45;26/06/2004
334;3;9;12;13;37;40;30/06/2004
335;18;23;31;35;38;45;03/07/2004
336;8;10;16;19;23;41;07/07/2004
337;1;26;27;28;37;39;10/07/2004
338;4;9;14;26;27;33;14/07/2004
339;5;13;21;22;33;43;17/07/2004
340;7;17;20;22;34;37;21/07/2004
341;5;16;21;24;26;29;24/07/2004
342;1;11;19;27;38;41;28/07/2004
343;2;6;9;31;32;36;31/07/2004
344;8;11;14;28;31;43;04/08/2004
345;7;15;21;22;28;34;07/08/2004
346;4;5;12;33;40;43;11/08/2004
347;7;9;19;21;29;43;14/08/2004
348;16;24;38;40;42;44;18/08/2004
349;3;6;24;29;31;37;21/08/2004
350;2;10;17;29;33;42;25/08/2004
351;6;17;19;22;28;41;28/08/2004
352;12;22;25;26;33;42;01/09/2004
353;2;10;11;24;42;44;04/09/2004
354;21;33;36;37;40;45;08/09/2004
355;5;13;16;26;28;31;11/09/2004
356;4;9;11;37;39;41;15/09/2004
357;18;21;33;36;37;42;18/09/2004
358;3;15;24;31;36;39;22/09/2004
359;24;30;31;33;34;39;25/09/2004
360;1;5;8;33;35;42;29/09/2004
361;16;17;21;35;39;41;02/10/2004
362;8;10;21;22;39;44;06/10/2004
363;2;34;37;42;44;45;09/10/2004
364;5;6;19;21;29;36;13/10/2004
365;8;14;19;25;26;37;16/10/2004
366;11;26;29;36;38;45;20/10/2004
367;4;13;14;22;33;38;23/10/2004
368;7;24;28;32;36;44;27/10/2004
369;7;16;23;38;41;45;30/10/2004
370;8;29;36;38;44;45;03/11/2004
371;4;8;14;23;25;31;06/11/2004
372;3;4;6;12;21;43;10/11/2004
373;2;3;6;13;16;26;13/11/2004
374;8;12;29;34;35;37;17/11/2004
375;3;10;12;14;38;45;20/11/2004
376;10;15;18;21;28;35;24/11/2004
377;10;20;27;29;33;44;27/11/2004
378;5;8;11;21;42;45;01/12/2004
379;20;22;31;38;44;45;04/12/2004
380;5;6;12;14;18;40;08/12/2004
381;2;15;24;28;30;37;11/12/2004
382;3;13;29;33;43;44;15/12/2004
383;11;12;25;30;37;42;18/12/2004
384;11;20;25;37;42;45;22/12/2004
385;18;20;28;39;40;41;25/12/2004
386;11;16;18;20;42;45;29/12/2004
387;21;25;34;37;44;45;01/01/2005
388;1;7;21;23;40;41;05/01/2005
389;15;16;18;20;35;36;08/01/2005
390;7;22;27;34;35;42;12/01/2005
391;2;25;28;31;38;44;15/01/2005
392;4;14;25;30;39;43;19/01/2005
393;3;4;11;14;30;32;22/01/2005
394;2;8;17;26;35;40;26/01/2005
395;13;24;27;33;35;42;29/01/2005
396;5;11;15;16;20;32;02/02/2005
397;6;14;16;26;36;40;05/02/2005
398;11;18;24;25;29;40;09/02/2005
399;3;23;28;33;35;40;12/02/2005
400;7;14;21;27;33;43;16/02/2005
401;6;13;26;39;41;42;19/02/2005
402;14;17;21;25;36;38;23/02/2005
403;4;15;17;27;35;37;26/02/2005
404;4;16;29;32;33;38;02/03/2005
405;1;8;23;24;26;45;05/03/2005
406;5;10;12;25;30;35;09/03/2005
407;7;10;29;33;35;43;12/03/2005
408;3;16;18;30;36;43;16/03/2005
409;5;10;32;38;40;43;19/03/2005
410;8;10;13;14;15;36;23/03/2005
411;7;17;26;39;41;42;26/03/2005
412;1;13;15;26;30;38;30/03/2005
413;8;18;21;24;39;40;02/04/2005
414;3;5;12;20;34;45;06/04/2005
415;15;22;25;30;37;38;09/04/2005
416;6;14;15;16;26;41;13/04/2005
417;17;18;19;26;34;38;16/04/2005
418;1;4;9;10;17;41;20/04/2005
419;5;21;23;31;34;43;23/04/2005
420;2;6;8;29;33;44;27/04/2005
421;8;16;18;19;24;44;30/04/2005
422;1;4;7;11;17;20;04/05/2005
423;8;9;12;30;37;39;07/05/2005
424;7;9;10;33;38;40;11/05/2005
425;3;13;14;28;34;40;14/05/2005
426;3;11;19;20;21;36;18/05/2005
427;5;13;20;30;42;44;21/05/2005
428;4;11;23;31;32;36;25/05/2005
429;5;10;16;18;29;36;28/05/2005
430;1;4;25;31;34;42;01/06/2005
431;7;12;14;15;27;32;04/06/2005
432;1;8;23;24;35;44;08/06/2005
433;4;10;13;14;23;24;11/06/2005
434;2;3;12;13;16;31;15/06/2005
435;7;8;12;21;37;45;18/06/2005
436;14;16;25;31;36;38;22/06/2005
437;2;3;13;33;35;43;25/06/2005
438;9;10;13;20;31;33;29/06/2005
439;10;11;19;27;43;44;02/07/2005
440;4;10;13;15;19;41;06/07/2005
441;3;8;13;24;27;35;09/07/2005
442;7;10;12;24;25;27;13/07/2005
443;8;16;18;25;30;44;16/07/2005
444;4;14;24;30;41;43;20/07/2005
445;2;6;8;32;35;43;23/07/2005
446;5;23;24;27;30;43;27/07/2005
447;4;11;22;26;29;33;30/07/2005
448;2;3;4;15;19;42;03/08/2005
449;2;14;22;32;33;43;06/08/2005
450;2;5;9;20;24;33;10/08/2005
451;2;4;23;26;30;32;13/08/2005
452;5;18;19;30;31;42;17/08/2005
453;1;6;17;32;33;34;20/08/2005
454;6;13;25;27;37;39;24/08/2005
455;1;3;12;18;21;24;27/08/2005
456;2;12;18;22;43;45;31/08/2005
457;3;7;11;17;26;27;03/09/2005
458;10;19;32;43;44;45;07/09/2005
459;12;13;19;41;42;45;10/09/2005
460;3;12;21;27;29;43;14/09/2005
461;6;8;15;24;31;34;17/09/2005
462;3;5;22;26;31;35;21/09/2005
463;6;7;34;37;38;43;24/09/2005
464;2;3;4;18;35;41;28/09/2005
465;4;7;11;18;27;31;01/10/2005
466;4;13;18;22;27;42;05/10/2005
467;2;15;16;24;28;30;08/10/2005
468;10;14;18;22;27;45;12/10/2005
469;14;17;25;29;32;38;15/10/2005
470;4;15;17;26;35;45;19/10/2005
471;4;16;18;22;23;35;22/10/2005
472;10;22;27;40;41;43;26/10/2005
473;10;12;24;40;43;44;29/10/2005
474;3;16;19;20;41;44;02/11/2005
475;2;6;24;28;42;44;05/11/2005
476;3;5;10;15;27;43;09/11/2005
477;15;21;22;25;32;42;12/11/2005
478;11;19;22;25;35;42;16/11/2005
479;3;20;23;28;31;45;19/11/2005
480;5;6;22;26;28;31;23/11/2005
481;7;29;32;39;40;41;26/11/2005
482;4;14;15;19;29;34;30/11/2005
483;3;6;9;13;41;42;03/12/2005
484;2;17;24;36;41;42;07/12/2005
485;3;10;11;21;28;32;10/12/2005
486;6;20;22;30;32;40;14/12/2005
487;7;13;25;31;40;45;17/12/2005
488;18;20;35;36;37;44;21/12/2005
489;29;33;39;40;41;45;24/12/2005
490;6;25;26;27;34;35;28/12/2005
491;2;4;8;10;30;39;31/12/2005
492;9;20;22;27;33;45;04/01/2006
493;7;16;32;34;35;41;07/01/2006
494;5;6;18;21;29;34;11/01/2006
495;2;5;10;20;39;42;14/01/2006
496;2;20;23;32;34;38;18/01/2006
497;7;8;9;23;39;43;21/01/2006
498;5;25;34;39;41;44;25/01/2006
499;9;18;22;28;35;44;28/01/2006
500;1;11;12;25;27;44;01/02/2006
501;7;13;25;32;36;45;04/02/2006
502;2;5;17;23;24;25;08/02/2006
503;11;14;21;34;35;43;11/02/2006
504;16;20;23;30;33;45;15/02/2006
505;15;21;22;30;37;41;18/02/2006
506;2;21;27;33;37;43;22/02/2006
507;15;25;30;31;33;40;25/02/2006
508;2;3;5;26;40;41;01/03/2006
509;4;5;6;10;29;38;04/03/2006
510;4;8;9;10;23;32;08/03/2006
511;11;19;20;21;23;30;11/03/2006
512;8;10;23;28;29;43;15/03/2006
513;4;15;23;34;43;44;18/03/2006
514;8;9;13;17;35;41;22/03/2006
515;15;32;33;35;38;39;25/03/2006
516;10;13;15;17;22;37;29/03/2006
517;1;8;18;26;27;42;01/04/2006
518;4;6;23;32;34;42;05/04/2006
519;5;12;25;33;42;43;08/04/2006
520;9;29;30;37;38;39;12/04/2006
521;2;7;10;21;38;45;15/04/2006
522;10;12;18;20;22;35;19/04/2006
523;2;13;15;19;22;45;22/04/2006
524;2;13;14;30;39;42;26/04/2006
525;2;10;17;31;38;44;29/04/2006
526;30;37;38;42;43;45;03/05/2006
527;2;20;22;23;25;33;06/05/2006
528;9;12;20;30;34;35;10/05/2006
529;5;18;25;30;38;44;13/05/2006
530;5;12;17;27;36;40;17/05/2006
531;14;19;20;24;28;39;20/05/2006
532;4;25;30;31;33;37;24/05/2006
533;3;30;37;38;39;43;27/05/2006
534;16;19;21;30;35;43;31/05/2006
535;4;10;18;26;33;40;03/06/2006
536;2;10;21;23;33;39;07/06/2006
537;14;29;31;33;44;45;10/06/2006
538;3;17;21;23;25;29;14/06/2006
539;8;12;19;26;30;31;17/06/2006
540;4;15;21;24;29;42;21/06/2006
541;2;3;13;16;34;43;24/06/2006
542;4;5;31;33;36;37;28/06/2006
543;1;8;19;24;29;39;01/07/2006
544;3;4;14;16;27;32;05/07/2006
545;15;17;20;22;25;36;08/07/2006
546;11;12;19;24;33;38;12/07/2006
547;15;16;22;31;40;42;15/07/2006
548;2;4;13;15;23;26;19/07/2006
549;4;9;25;36;37;43;22/07/2006
550;5;6;10;20;27;43;26/07/2006
551;4;5;16;23;24;45;29/07/2006
552;1;7;12;17;18;41;02/08/2006
553;12;20;24;31;33;39;05/08/2006
554;2;11;21;23;28;42;09/08/2006
555;6;19;20;24;25;43;12/08/2006
556;24;27;28;32;41;43;16/08/2006
557;14;15;18;19;28;43;19/08/2006
558;1;8;17;30;31;32;23/08/2006
559;8;14;22;32;34;45;26/08/2006
560;7;11;14;16;17;21;30/08/2006
561;12;15;21;27;40;42;02/09/2006
562;19;37;38;40;41;43;06/09/2006
563;8;11;19;22;30;33;09/09/2006
564;8;17;32;39;41;45;13/09/2006
565;6;9;11;15;23;45;16/09/2006
566;10;24;29;30;37;39;20/09/2006
567;9;14;20;25;27;33;23/09/2006
568;6;11;12;27;33;38;27/09/2006
569;2;7;28;38;44;45;30/09/2006
570;11;12;13;15;17;18;04/10/2006
571;2;11;16;28;36;39;07/10/2006
572;3;12;16;30;39;40;11/10/2006
573;17;20;24;26;33;41;14/10/2006
574;17;27;28;32;33;37;18/10/2006
575;1;13;15;20;22;40;21/10/2006
576;2;9;25;31;35;44;25/10/2006
577;6;14;18;20;35;37;28/10/2006
578;11;26;35;40;43;45;01/11/2006
579;4;9;14;21;32;35;04/11/2006
580;7;8;27;31;36;39;08/11/2006
581;2;7;10;23;25;42;11/11/2006
582;2;8;27;28;33;39;15/11/2006
583;14;16;18;22;24;39;18/11/2006
584;2;16;20;25;29;41;22/11/2006
585;1;22;27;29;38;39;25/11/2006
586;7;23;28;38;43;45;29/11/2006
587;5;8;23;27;40;43;02/12/2006
588;5;9;11;17;26;27;06/12/2006
589;2;8;15;22;29;42;09/12/2006
590;7;10;14;23;35;40;13/12/2006
591;3;6;10;11;18;44;16/12/2006
592;24;29;31;39;41;43;20/12/2006
593;2;7;15;22;24;28;23/12/2006
594;6;17;29;38;41;42;27/12/2006
595;3;6;16;34;43;44;30/12/2006
596;4;5;15;16;32;40;03/01/2007
597;1;20;24;28;30;43;06/01/2007
598;1;7;18;30;32;34;10/01/2007
599;2;5;11;12;17;42;13/01/2007
600;19;28;30;33;34;36;17/01/2007
601;1;2;12;15;19;21;20/01/2007
602;9;21;24;30;35;36;24/01/2007
603;14;18;22;27;40;43;27/01/2007
604;4;8;11;24;38;45;31/01/2007
605;4;23;24;33;41;45;03/02/2007
606;14;20;29;32;39;41;07/02/2007
607;5;7;8;12;22;45;10/02/2007
608;3;11;13;25;27;36;14/02/2007
609;4;5;24;29;30;31;17/02/2007
610;2;11;24;26;30;32;21/02/2007
611;15;19;21;33;40;44;24/02/2007
612;9;22;25;31;39;42;28/02/2007
613;2;3;4;9;15;30;03/03/2007
614;3;4;9;18;20;32;07/03/2007
615;4;8;10;25;30;35;10/03/2007
616;4;6;18;23;25;37;14/03/2007
617;7;13;15;16;23;31;17/03/2007
618;11;17;20;22;39;45;21/03/2007
619;4;5;13;16;18;20;24/03/2007
620;1;2;25;27;43;45;28/03/2007
621;6;9;11;14;32;36;31/03/2007
622;4;6;17;18;22;38;04/04/2007
623;7;12;14;29;42;44;07/04/2007
624;3;9;14;16;19;20;11/04/2007
625;2;5;13;14;20;21;14/04/2007
626;18;21;26;28;32;39;18/04/2007
627;2;13;21;23;28;38;21/04/2007
628;1;6;20;34;36;43;25/04/2007
629;2;3;5;9;26;29;28/04/2007
630;1;3;4;7;30;43;02/05/2007
631;10;12;14;27;32;35;05/05/2007
632;5;23;25;31;33;41;09/05/2007
633;7;10;11;23;24;37;12/05/2007
634;2;4;10;26;34;41;16/05/2007
635;3;7;11;23;36;38;19/05/2007
636;24;32;34;40;42;45;23/05/2007
637;3;7;17;19;33;41;26/05/2007
638;9;21;22;32;33;35;30/05/2007
639;2;9;20;23;28;35;02/06/2007
640;10;11;18;31;43;45;06/06/2007
641;3;6;15;17;34;36;09/06/2007
642;17;20;23;26;32;42;13/06/2007
643;5;7;16;23;32;34;16/06/2007
644;5;11;14;21;39;42;20/06/2007
645;3;9;18;26;33;44;23/06/2007
646;7;9;11;25;26;29;27/06/2007
647;1;5;11;18;24;35;30/06/2007
648;6;21;25;26;31;39;04/07/2007
649;1;11;23;29;32;33;07/07/2007
650;2;3;13;21;33;38;11/07/2007
651;1;2;13;20;26;27;14/07/2007
652;18;23;26;34;40;43;18/07/2007
653;9;11;28;29;30;34;21/07/2007
654;7;9;23;36;39;40;25/07/2007
655;8;26;29;38;39;45;28/07/2007
656;15;19;24;28;30;42;01/08/2007
657;3;5;12;19;31;34;04/08/2007
658;1;5;7;25;29;45;08/08/2007
659;9;20;21;25;33;38;11/08/2007
660;3;5;6;8;13;26;15/08/2007
661;2;9;10;15;19;28;18/08/2007
662;4;9;23;26;28;41;22/08/2007
663;3;14;16;34;36;45;25/08/2007
664;2;4;11;13;16;41;29/08/2007
665;6;8;16;21;22;26;01/09/2007
666;4;14;27;30;32;34;05/09/2007
667;1;20;26;32;40;44;08/09/2007
668;8;16;29;30;35;41;12/09/2007
669;16;20;24;25;39;44;15/09/2007
670;1;14;26;29;39;41;19/09/2007
671;3;5;16;33;35;44;22/09/2007
672;8;24;25;34;36;37;26/09/2007
673;1;4;26;37;42;45;29/09/2007
674;3;10;16;28;30;39;03/10/2007
675;2;11;27;32;37;41;06/10/2007
676;15;21;23;28;36;43;10/10/2007
677;14;17;20;21;32;43;13/10/2007
678;2;5;17;37;40;43;17/10/2007
679;9;15;17;29;30;35;20/10/2007
680;2;8;19;23;24;29;24/10/2007
681;3;4;8;29;38;43;27/10/2007
682;7;9;16;17;26;44;31/10/2007
683;6;17;28;36;38;45;03/11/2007
684;4;6;10;21;34;39;07/11/2007
685;1;6;9;20;23;26;10/11/2007
686;1;2;9;14;16;43;14/11/2007
687;1;2;29;30;40;44;17/11/2007
688;13;14;18;25;41;43;21/11/2007
689;17;18;20;35;36;43;24/11/2007
690;10;13;16;24;40;41;28/11/2007
691;8;13;17;25;29;39;01/12/2007
692;8;25;28;31;42;44;05/12/2007
693;4;11;30;33;35;36;08/12/2007
694;2;8;35;36;37;39;12/12/2007
695;4;8;18;19;20;26;15/12/2007
696;2;13;16;21;29;43;19/12/2007
697;6;13;21;28;38;41;22/12/2007
698;2;12;28;29;39;43;26/12/2007
699;7;9;23;40;42;44;29/12/2007
700;3;10;12;14;21;37;02/01/2008
701;7;27;29;30;33;38;05/01/2008
702;5;15;27;32;33;34;09/01/2008
703;2;8;13;24;29;30;12/01/2008
704;2;3;8;34;35;44;16/01/2008
705;5;7;14;31;35;45;19/01/2008
706;7;27;28;30;39;40;23/01/2008
707;4;12;22;26;42;44;26/01/2008
708;1;4;18;27;35;37;30/01/2008
709;9;11;16;17;24;37;02/02/2008
710;1;14;15;24;30;35;06/02/2008
711;5;10;15;29;36;45;09/02/2008
712;5;10;22;26;42;45;13/02/2008
713;5;29;31;32;35;39;16/02/2008
714;3;15;27;36;39;42;20/02/2008
715;2;14;19;20;21;27;23/02/2008
716;5;24;28;36;40;44;27/02/2008
717;20;22;24;26;30;43;01/03/2008
718;2;16;26;27;39;44;05/03/2008
719;13;15;21;23;37;44;08/03/2008
720;2;10;12;14;15;38;12/03/2008
721;3;9;14;20;21;23;15/03/2008
722;7;19;21;24;27;36;19/03/2008
723;31;34;35;36;41;44;22/03/2008
724;1;6;14;16;18;41;26/03/2008
725;2;16;21;29;36;42;29/03/2008
726;3;23;30;33;41;43;02/04/2008
727;6;8;15;18;22;40;05/04/2008
728;8;9;27;29;30;42;09/04/2008
729;1;10;18;21;22;31;12/04/2008
730;6;7;13;24;33;40;16/04/2008
731;2;5;6;9;21;22;19/04/2008
732;4;9;10;23;37;38;23/04/2008
733;3;30;36;38;39;44;26/04/2008
734;6;8;12;22;28;41;30/04/2008
735;1;6;14;17;19;22;03/05/2008
736;1;11;24;35;43;44;07/05/2008
737;3;4;8;12;31;42;10/05/2008
738;7;8;15;19;22;36;14/05/2008
739;10;16;21;24;26;45;17/05/2008
740;12;22;24;33;37;40;21/05/2008
741;8;10;11;23;29;42;24/05/2008
742;11;12;18;22;32;37;28/05/2008
743;2;3;19;26;36;37;31/05/2008
744;2;13;14;31;36;41;04/06/2008
745;8;10;18;29;31;39;07/06/2008
746;2;14;24;34;35;45;11/06/2008
747;1;2;5;22;31;43;14/06/2008
748;2;6;23;25;39;45;18/06/2008
749;2;5;10;28;39;44;21/06/2008
750;4;23;24;30;32;37;25/06/2008
751;3;17;32;34;35;44;28/06/2008
752;7;10;12;15;16;22;02/07/2008
753;3;14;26;33;39;42;05/07/2008
754;4;7;13;15;44;45;09/07/2008
755;2;5;9;11;21;37;12/07/2008
756;2;3;13;21;29;41;16/07/2008
757;6;8;20;26;38;41;19/07/2008
758;10;19;20;21;22;32;23/07/2008
759;9;24;26;32;39;45;26/07/2008
760;3;15;27;36;38;43;30/07/2008
761;2;4;5;11;33;38;02/08/2008
762;15;20;21;23;35;38;06/08/2008
763;12;28;29;31;42;44;09/08/2008
764;8;15;22;28;32;39;13/08/2008
765;18;27;31;34;37;43;16/08/2008
766;13;17;32;35;42;43;20/08/2008
767;4;13;24;26;28;33;23/08/2008
768;2;12;14;18;23;42;27/08/2008
769;1;23;35;36;40;45;30/08/2008
770;7;8;13;16;21;34;03/09/2008
771;1;8;13;33;36;44;06/09/2008
772;11;20;31;34;39;42;10/09/2008
773;17;21;26;27;40;45;13/09/2008
774;23;26;30;31;37;38;17/09/2008
775;15;28;30;37;38;40;20/09/2008
776;5;6;18;21;23;26;24/09/2008
777;3;5;13;29;30;35;27/09/2008
778;2;3;13;32;38;40;01/10/2008
779;7;15;16;18;25;45;04/10/2008
780;3;8;25;35;36;39;08/10/2008
781;1;4;7;19;29;36;11/10/2008
782;6;17;26;35;43;45;15/10/2008
783;3;5;21;24;36;45;18/10/2008
784;2;5;19;21;37;40;22/10/2008
785;1;4;15;27;35;36;25/10/2008
786;6;10;21;25;30;45;29/10/2008
787;1;2;3;4;28;45;01/11/2008
788;7;10;14;23;27;41;05/11/2008
789;1;17;29;40;42;45;08/11/2008
790;6;10;16;30;34;40;12/11/2008
791;5;23;27;37;43;44;15/11/2008
792;4;16;37;38;40;45;19/11/2008
793;3;7;9;11;14;43;22/11/2008
794;1;4;9;14;29;35;26/11/2008
795;10;19;28;32;38;45;29/11/2008
796;14;21;26;30;32;39;03/12/2008
797;5;20;26;28;30;41;06/12/2008
798;1;2;8;9;12;19;10/12/2008
799;13;17;22;38;41;45;13/12/2008
800;16;32;33;36;40;41;17/12/2008
801;3;15;35;36;39;44;20/12/2008
802;5;16;23;25;31;43;24/12/2008
803;7;16;19;22;29;40;27/12/2008
804;10;14;15;30;35;37;31/12/2008
805;3;6;10;19;20;34;03/01/2009
806;2;3;5;18;26;45;07/01/2009
807;2;8;19;22;24;29;10/01/2009
808;4;7;14;19;28;39;14/01/2009
809;11;15;16;19;27;45;17/01/2009
810;7;23;24;31;41;42;21/01/2009
811;4;6;12;14;19;33;24/01/2009
812;3;7;22;26;29;42;28/01/2009
813;4;20;22;24;32;44;31/01/2009
814;3;24;27;34;43;45;04/02/2009
815;11;14;15;17;22;45;07/02/2009
816;4;8;21;23;29;31;11/02/2009
817;10;19;30;33;35;43;14/02/2009
818;1;5;7;14;27;32;18/02/2009
819;1;4;7;31;40;44;21/02/2009
820;2;15;21;23;38;40;25/02/2009
821;3;11;17;22;25;30;28/02/2009
822;6;13;29;33;42;43;04/03/2009
823;9;11;12;15;38;41;07/03/2009
824;3;4;11;22;36;41;11/03/2009
825;2;4;12;18;27;41;14/03/2009
826;1;14;28;35;38;45;18/03/2009
827;2;9;19;21;28;33;21/03/2009
828;15;19;21;24;27;33;25/03/2009
829;11;21;28;29;43;44;28/03/2009
830;2;13;16;23;29;44;01/04/2009
831;1;6;8;21;31;37;04/04/2009
832;12;17;25;26;35;42;08/04/2009
833;3;4;7;24;42;44;11/04/2009
834;6;12;14;29;40;41;15/04/2009
835;6;9;10;29;37;41;18/04/2009
836;8;16;17;28;33;35;22/04/2009
837;7;11;17;21;29;42;25/04/2009
838;1;9;20;26;35;36;29/04/2009
839;11;12;25;26;29;37;02/05/2009
840;2;5;10;18;31;38;06/05/2009
841;6;9;27;31;36;43;09/05/2009
842;13;16;19;40;41;43;13/05/2009
843;8;12;20;22;27;28;16/05/2009
844;9;15;20;29;37;42;20/05/2009
845;4;5;6;16;24;35;23/05/2009
846;9;17;21;28;34;44;27/05/2009
847;6;8;14;18;38;40;30/05/2009
848;6;13;26;27;28;33;03/06/2009
849;9;21;33;36;38;45;06/06/2009
850;1;14;16;23;27;44;10/06/2009
851;16;26;27;38;41;45;13/06/2009
852;2;20;24;27;38;40;17/06/2009
853;11;14;24;31;35;39;20/06/2009
854;9;19;28;30;33;35;24/06/2009
855;19;22;24;34;44;45;27/06/2009
856;1;6;15;22;27;33;01/07/2009
857;12;17;19;29;39;40;04/07/2009
858;2;6;7;16;20;31;08/07/2009
859;1;4;5;12;13;39;11/07/2009
860;1;3;24;26;39;42;15/07/2009
861;9;13;16;28;31;36;18/07/2009
862;9;10;26;27;28;43;22/07/2009
863;6;8;20;31;32;37;25/07/2009
864;2;4;33;36;41;45;29/07/2009
865;3;20;30;35;38;41;01/08/2009
866;4;9;10;34;42;43;05/08/2009
867;5;11;17;21;39;44;08/08/2009
868;4;6;9;21;29;44;12/08/2009
869;3;4;5;18;25;44;15/08/2009
870;3;9;12;36;38;44;19/08/2009
871;2;10;13;17;32;38;22/08/2009
872;8;16;27;28;33;35;26/08/2009
873;13;27;31;32;42;43;29/08/2009
874;1;10;16;18;25;45;02/09/2009
875;1;9;12;13;22;33;05/09/2009
876;7;14;15;17;32;40;09/09/2009
877;15;22;23;25;27;45;12/09/2009
878;4;8;14;18;28;41;16/09/2009
879;5;19;22;26;32;36;19/09/2009
880;2;12;16;18;30;34;23/09/2009
881;13;16;22;24;37;40;26/09/2009
882;2;6;7;11;23;24;30/09/2009
883;13;14;17;20;40;42;03/10/2009
884;6;12;29;30;36;40;07/10/2009
885;2;15;16;20;23;43;10/10/2009
886;9;11;19;20;30;42;14/10/2009
887;15;18;22;30;40;44;17/10/2009
888;5;7;11;20;35;40;21/10/2009
889;6;10;12;22;30;41;24/10/2009
890;5;21;23;29;36;44;28/10/2009
891;2;25;28;30;42;44;31/10/2009
892;23;25;27;29;30;38;04/11/2009
893;5;11;25;29;30;37;07/11/2009
894;5;6;8;24;30;34;11/11/2009
895;1;2;33;40;43;44;14/11/2009
896;9;12;27;35;40;43;18/11/2009
897;8;10;24;31;36;39;21/11/2009
898;5;11;17;24;32;45;25/11/2009
899;18;23;33;34;43;44;28/11/2009
900;2;9;15;22;39;40;02/12/2009
901;5;7;10;19;26;40;05/12/2009
902;6;18;23;28;29;36;09/12/2009
903;2;20;26;32;39;45;12/12/2009
904;4;10;17;36;42;43;16/12/2009
905;7;9;12;14;33;40;19/12/2009
906;8;13;16;28;30;37;23/12/2009
907;22;26;30;33;39;40;26/12/2009
908;3;6;7;38;42;45;30/12/2009
909;6;8;16;22;23;28;02/01/2010
910;26;33;35;36;40;42;06/01/2010
911;9;21;25;26;38;41;09/01/2010
912;13;19;24;39;41;42;13/01/2010
913;6;14;17;30;35;38;16/01/2010
914;3;9;15;29;34;37;20/01/2010
915;2;4;30;34;35;36;23/01/2010
916;1;11;15;20;30;40;27/01/2010
917;8;9;16;18;29;43;30/01/2010
918;2;4;7;10;17;23;03/02/2010
919;2;4;17;34;40;44;06/02/2010
920;1;7;22;39;41;44;10/02/2010
921;4;14;17;29;31;37;13/02/2010
922;2;3;17;22;23;27;17/02/2010
923;4;10;12;23;30;36;20/02/2010
924;2;3;22;24;35;39;24/02/2010
925;11;15;22;24;25;29;27/02/2010
926;3;16;19;33;35;44;03/03/2010
927;10;16;23;26;27;39;06/03/2010
928;1;12;19;21;24;39;10/03/2010
929;4;12;18;28;33;40;13/03/2010
930;8;9;26;27;35;42;17/03/2010
931;3;8;18;33;34;45;20/03/2010
932;5;11;14;20;22;43;24/03/2010
933;3;5;34;36;40;43;27/03/2010
934;1;9;10;14;15;18;31/03/2010
935;6;10;21;28;43;44;03/04/2010
936;8;23;26;27;31;43;07/04/2010
937;3;4;8;18;26;42;10/04/2010
938;5;12;18;19;20;45;14/04/2010
939;11;14;18;21;27;45;17/04/2010
940;11;28;30;36;40;41;21/04/2010
941;3;10;11;15;17;24;24/04/2010
942;8;11;17;22;28;45;28/04/2010
943;2;18;22;24;37;39;01/05/2010
944;3;4;12;24;40;45;05/05/2010
945;7;11;12;23;26;31;08/05/2010
946;2;24;25;32;34;42;12/05/2010
947;4;6;8;23;32;40;15/05/2010
948;5;7;14;27;31;39;19/05/2010
949;4;5;6;8;11;24;22/05/2010
950;1;12;13;17;28;36;26/05/2010
951;9;10;14;27;28;36;29/05/2010
952;8;12;24;36;42;45;02/06/2010
953;16;25;29;35;37;45;05/06/2010
954;4;15;26;28;36;37;09/06/2010
955;2;8;10;15;20;40;12/06/2010
956;8;12;19;29;42;45;16/06/2010
957;2;8;10;11;13;44;19/06/2010
958;27;30;36;38;39;45;23/06/2010
959;4;6;18;21;27;33;26/06/2010
960;3;10;17;19;25;44;30/06/2010
961;1;10;22;27;29;34;03/07/2010
962;6;14;20;24;37;38;07/07/2010
963;3;7;11;14;17;23;10/07/2010
964;9;18;19;21;29;35;14/07/2010
965;8;9;13;14;19;39;17/07/2010
966;17;18;22;23;28;45;21/07/2010
967;1;6;8;18;24;34;24/07/2010
968;28;29;37;38;39;42;28/07/2010
969;15;16;19;32;34;42;31/07/2010
970;3;6;11;15;22;26;04/08/2010
971;4;5;17;30;40;41;07/08/2010
972;1;2;19;32;37;39;11/08/2010
973;7;17;21;23;25;29;14/08/2010
974;11;15;22;28;30;35;18/08/2010
975;10;22;32;38;43;45;21/08/2010
976;1;6;8;18;22;40;25/08/2010
977;2;7;23;29;36;40;28/08/2010
978;5;11;16;18;20;39;01/09/2010
979;3;15;22;26;30;35;04/09/2010
980;5;14;15;37;39;40;08/09/2010
981;2;15;17;18;29;38;11/09/2010
982;9;16;19;23;27;31;15/09/2010
983;9;14;20;23;38;45;18/09/2010
984;15;17;20;22;28;33;22/09/2010
985;13;18;23;25;27;44;25/09/2010
986;4;10;15;28;34;39;29/09/2010
987;12;21;22;26;33;44;02/10/2010
988;9;18;25;31;35;45;06/10/2010
989;14;15;22;30;37;45;09/10/2010
990;8;9;16;22;29;44;13/10/2010
991;5;19;21;26;36;39;16/10/2010
992;6;14;16;17;30;32;20/10/2010
993;7;12;21;25;35;39;23/10/2010
994;1;2;4;10;25;40;27/10/2010
995;1;7;15;19;35;42;30/10/2010
996;7;15;17;19;29;38;03/11/2010
997;15;19;22;31;33;42;06/11/2010
998;2;11;18;24;27;36;10/11/2010
999;8;16;20;29;32;42;13/11/2010
1000;10;17;35;36;38;41;17/11/2010
1001;14;19;21;22;32;36;20/11/2010
1002;8;20;25;31;32;37;24/11/2010
1003;3;10;22;24;40;45;27/11/2010
1004;3;19;20;25;30;33;01/12/2010
1005;1;4;6;11;32;41;04/12/2010
1006;9;12;20;24;27;28;08/12/2010
1007;6;10;20;26;28;36;11/12/2010
1008;26;28;30;32;33;39;15/12/2010
1009;2;6;15;19;27;44;18/12/2010
1010;15;17;18;21;25;40;22/12/2010
1011;1;3;8;12;43;45;25/12/2010
1012;5;13;17;31;41;42;29/12/2010
1013;7;13;19;27;34;43;01/01/2011
1014;4;8;11;15;16;38;05/01/2011
1015;7;9;10;32;37;41;08/01/2011
1016;13;15;17;27;44;45;12/01/2011
1017;3;21;30;33;38;42;15/01/2011
1018;8;17;34;35;36;40;19/01/2011
1019;1;4;12;13;14;31;22/01/2011
1020;15;17;37;40;41;44;26/01/2011
1021;4;6;31;35;38;44;29/01/2011
1022;16;19;22;26;35;41;02/02/2011
1023;4;6;28;31;33;44;05/02/2011
1024;23;24;29;34;39;45;09/02/2011
1025;14;15;27;30;32;39;12/02/2011
1026;15;16;22;24;25;40;16/02/2011
1027;3;5;12;21;37;45;19/02/2011
1028;3;16;26;35;37;40;23/02/2011
1029;5;10;11;24;28;35;26/02/2011
1030;11;14;16;19;32;43;02/03/2011
1031;13;14;19;24;25;29;05/03/2011
1032;2;3;11;14;24;35;09/03/2011
1033;9;23;31;34;42;44;12/03/2011
1034;7;13;14;18;36;45;16/03/2011
1035;4;9;18;33;43;44;19/03/2011
1036;1;16;25;29;35;44;23/03/2011
1037;2;29;33;35;40;42;26/03/2011
1038;3;15;22;23;24;34;30/03/2011
1039;17;22;33;36;37;38;02/04/2011
1040;7;16;20;31;35;41;06/04/2011
1041;5;11;28;34;39;43;09/04/2011
1042;8;9;20;34;37;38;13/04/2011
1043;6;9;33;38;40;45;16/04/2011
1044;5;13;14;27;37;42;20/04/2011
1045;13;16;17;26;35;44;23/04/2011
1046;18;20;27;34;36;41;27/04/2011
1047;3;4;6;13;42;43;30/04/2011
1048;1;9;14;16;20;31;04/05/2011
1049;6;16;20;21;27;44;07/05/2011
1050;5;12;28;34;35;42;11/05/2011
1051;1;8;9;27;35;41;14/05/2011
1052;14;15;24;33;40;45;18/05/2011
1053;11;17;24;39;41;43;21/05/2011
1054;3;8;11;13;22;37;25/05/2011
1055;20;31;32;38;42;44;28/05/2011
1056;2;13;18;28;30;33;01/06/2011
1057;6;24;25;35;36;43;04/06/2011
1058;10;17;24;25;27;29;08/06/2011
1059;1;8;9;16;24;39;11/06/2011
1060;12;15;28;30;39;40;15/06/2011
1061;3;4;7;9;27;36;18/06/2011
1062;2;17;19;26;32;45;22/06/2011
1063;10;12;21;24;36;39;25/06/2011
1064;15;21;26;29;35;37;29/06/2011
1065;10;17;20;31;39;41;02/07/2011
1066;9;11;21;25;29;40;06/07/2011
1067;6;7;24;30;36;39;09/07/2011
1068;10;22;33;39;43;45;13/07/2011
1069;13;20;26;27;28;43;16/07/2011
1070;2;6;12;16;20;34;20/07/2011
1071;6;10;19;20;28;37;23/07/2011
1072;3;7;24;28;29;35;27/07/2011
1073;1;3;5;8;13;36;30/07/2011
1074;2;9;18;31;36;37;03/08/2011
1075;3;5;23;25;33;43;06/08/2011
1076;1;2;9;11;12;15;10/08/2011
1077;2;11;12;17;24;36;13/08/2011
1078;1;13;18;39;43;44;17/08/2011
1079;9;15;19;28;31;32;20/08/2011
1080;2;8;10;17;27;37;24/08/2011
1081;3;7;17;18;28;29;27/08/2011
1082;11;12;16;20;37;45;31/08/2011
1083;1;5;9;13;27;43;03/09/2011
1084;6;22;29;38;39;43;07/09/2011
1085;11;17;19;30;34;37;10/09/2011
1086;2;12;15;31;32;37;14/09/2011
1087;3;11;16;22;28;35;17/09/2011
1088;9;16;21;22;33;40;21/09/2011
1089;1;3;12;17;24;45;24/09/2011
1090;8;10;11;30;32;35;28/09/2011
1091;3;8;25;29;39;40;01/10/2011
1092;15;18;25;27;28;39;05/10/2011
1093;7;10;15;18;19;42;08/10/2011
1094;18;19;30;39;42;43;12/10/2011
1095;1;15;20;25;26;32;15/10/2011
1096;7;12;13;20;22;40;19/10/2011
1097;15;19;21;23;25;31;22/10/2011
1098;5;16;25;33;35;40;26/10/2011
1099;9;14;19;25;32;45;29/10/2011
1100;3;7;14;17;25;39;02/11/2011
1101;10;15;16;19;21;45;05/11/2011
1102;2;8;15;16;30;45;09/11/2011
1103;10;18;21;32;36;44;12/11/2011
1104;7;23;26;28;39;45;16/11/2011
1105;2;15;17;20;30;40;19/11/2011
1106;4;8;16;18;31;41;23/11/2011
1107;1;3;8;10;36;42;26/11/2011
1108;1;6;7;20;33;37;30/11/2011
1109;7;22;24;34;35;39;03/12/2011
1110;1;6;16;23;38;44;07/12/2011
1111;13;21;25;26;39;44;10/12/2011
1112;3;4;9;13;30;33;14/12/2011
1113;22;26;30;35;38;42;17/12/2011
1114;7;21;22;31;43;45;21/12/2011
1115;4;8;20;21;28;36;24/12/2011
1116;3;8;12;14;24;42;28/12/2011
1117;10;11;15;24;40;44;31/12/2011
1118;10;29;31;36;38;39;04/01/2012
1119;6;9;20;22;23;26;07/01/2012
1120;7;15;19;34;36;44;11/01/2012
1121;1;8;15;22;25;39;14/01/2012
1122;14;20;24;32;36;43;18/01/2012
1123;14;17;27;37;42;43;21/01/2012
1124;7;16;29;33;37;45;25/01/2012
1125;13;22;34;38;40;41;28/01/2012
1126;6;15;21;35;43;45;01/02/2012
1127;1;4;19;22;34;37;04/02/2012
1128;2;15;33;34;40;42;08/02/2012
1129;1;3;7;8;9;38;11/02/2012
1130;7;8;10;20;21;31;15/02/2012
1131;11;12;16;20;41;42;18/02/2012
1132;12;19;23;24;31;40;22/02/2012
1133;3;18;26;27;35;44;25/02/2012
1134;9;10;20;25;28;35;29/02/2012
1135;6;18;19;23;25;26;03/03/2012
1136;2;13;16;30;35;45;07/03/2012
1137;8;22;37;41;42;43;10/03/2012
1138;2;6;11;20;26;42;14/03/2012
1139;9;15;18;19;22;34;17/03/2012
1140;6;9;12;19;40;42;21/03/2012
1141;2;6;7;35;42;45;24/03/2012
1142;1;2;8;9;17;35;28/03/2012
1143;4;11;24;26;32;41;31/03/2012
1144;19;20;25;26;31;32;04/04/2012
1145;10;19;26;34;36;37;07/04/2012
1146;5;15;20;21;40;45;11/04/2012
1147;1;6;13;15;22;44;14/04/2012
1148;2;26;29;40;43;45;18/04/2012
1149;1;3;22;27;39;42;21/04/2012
1150;2;11;14;26;29;42;25/04/2012
1151;2;4;11;13;26;32;28/04/2012
1152;12;19;26;29;34;36;02/05/2012
1153;13;16;24;26;35;36;05/05/2012
1154;11;15;20;22;28;43;09/05/2012
1155;25;30;33;35;40;41;12/05/2012
1156;3;6;30;36;37;45;16/05/2012
1157;15;27;30;34;39;42;19/05/2012
1158;10;21;23;28;29;32;23/05/2012
1159;6;11;12;21;34;44;26/05/2012
1160;6;7;17;22;35;39;30/05/2012
1161;17;19;23;28;39;43;02/06/2012
1162;1;3;5;18;24;28;06/06/2012
1163;12;23;24;25;27;42;09/06/2012
1164;25;33;37;42;44;45;13/06/2012
1165;7;8;24;26;28;37;16/06/2012
1166;4;5;20;28;31;41;20/06/2012
1167;5;12;16;22;28;30;23/06/2012
1168;17;19;28;35;38;42;27/06/2012
1169;8;10;15;21;42;44;30/06/2012
1170;5;6;17;27;32;44;04/07/2012
1171;3;4;14;24;25;30;07/07/2012
1172;2;12;21;33;34;42;11/07/2012
1173;3;13;19;26;29;42;14/07/2012
1174;1;6;25;28;30;45;18/07/2012
1175;1;9;16;18;29;37;21/07/2012
1176;16;23;29;33;35;43;25/07/2012
1177;15;17;29;30;41;45;28/07/2012
1178;1;7;9;13;14;36;01/08/2012
1179;5;13;17;20;36;41;04/08/2012
1180;10;20;24;30;35;43;08/08/2012
1181;5;16;21;29;31;39;11/08/2012
1182;7;15;21;31;38;39;15/08/2012
1183;17;19;22;36;43;44;18/08/2012
1184;1;16;24;35;43;44;22/08/2012
1185;9;10;13;14;19;45;25/08/2012
1186;9;10;16;26;32;42;29/08/2012
1187;2;15;17;19;31;43;01/09/2012
1188;7;16;21;32;38;41;05/09/2012
1189;9;10;15;19;25;40;08/09/2012
1190;4;7;8;13;27;36;12/09/2012
1191;9;10;18;21;31;38;15/09/2012
1192;5;22;30;39;40;41;19/09/2012
1193;16;27;29;35;36;40;22/09/2012
1194;2;11;17;29;40;44;26/09/2012
1195;2;20;22;26;27;32;29/09/2012
1196;12;19;24;32;44;45;03/10/2012
1197;6;16;22;27;29;31;06/10/2012
1198;2;4;10;17;20;21;10/10/2012
1199;3;9;16;29;34;39;13/10/2012
1200;10;11;15;27;40;42;17/10/2012